year,status,grants_million_amd,science_program_total_million_amd,military_rd_million_amd,combined_total_million_amd,grants_share_of_science_percent,classification_note,source_url
2017,adopted,1523.023,12699.7255,1641.4701,14341.1956,11.992566296019548,Sum of the four published program 1162 subtotals; classification break before 2019,https://www.minfin.am/website/images/website/byuje ev krknaki harkum/byuje_uxerdz/havelvacner_uxerdz.rar
2018,adopted,1306.6939,11903.4041,2433.4614,14336.8655,10.977480803159493,Sum of the four published program 1162 subtotals; classification break before 2019,https://www.minfin.am/website/images/website/byuje ev krknaki harkum/byuje_uxerdz/Bacatragri havelvacner.rar
2019,adopted,1677.0358,14350.8638,2920.1537,17271.0175,11.685957189559558,Published program 1162 allocations,https://www.minfin.am/website/images/website/byuje ev krknaki harkum/Mijnajamket/Orenqi havelvacner_Excel.rar
2020,adopted,2300.3295,14255.3027,3854.9724,18110.2751,16.136658395896426,Published program 1162 allocations,https://www.minfin.am/website/images/website/byuje ev krknaki harkum/2.1.Havelvacner_Orenq (1).rar
2021,adopted,2454.4216,13755.2736,4574.2233,18329.4969,17.843495312227013,Published program 1162 allocations,https://www.minfin.am/website/images/website/byuje ev krknaki harkum/copy_1_Orenqo havelvacner.rar
2022,adopted,6651.18,25150.1746,5233.9237,30384.0983,26.445860141265182,Published program 1162 allocations,https://www.minfin.am/website/images/website/documents/copy_2_1.1.ORENQI_HAVELVACNER.rar
2023,adopted,8403.3573,29811.5307,6844.1537,36655.6844,28.18827850392801,Published program 1162 allocations,https://www.minfin.am/website/images/website/copy_1_1.1.ORENQI HAVELVACNER.rar
2024,adopted,9295.722,35775.9576,4165.4037,39941.3613,25.983153557851935,Published program 1162 allocations,https://www.minfin.am/website/images/website/ORENQ HAVELVACNER.rar
2025,adopted,9142.839,33912.2035,4166.0705,38078.274,26.960321230674378,Published program 1162 allocations,https://www.minfin.am/website/images/website/օրենքի հավելվածներ.rar
2026,adopted,8471.17,29224.285,3561.8789,32786.1639,28.98674852096467,Published program 1162 allocations,https://www.minfin.am/website/images/website/copy_7_օրենքի հավելվածներ.rar
2027,draft,8471.17,30744.0611,3561.8789,34305.94,27.55384193534536,Published program 1162 allocations,https://www.e-gov.am/ajax/gfn_mul.php?file_id=4644032&inst=1429340
